gender,race_ethnicity,parental_level_of_education,lunch,test_preparation_course,math_score,reading_score,writing_score,total_score,predicted_math_score,predicted_writing_score,predicted_reading_score
female,group B,bachelor's degree,standard,none,72,72,74,146,66.1875,66.1875,66.1875
female,group C,some college,standard,completed,69,90,88,178,78.046875,78.046875,78.046875
female,group B,master's degree,standard,none,90,95,93,188,84.7734375,84.7734375,84.7734375
male,group A,associate's degree,free/reduced,none,47,57,44,101,50.546875,50.546875,50.546875
male,group C,some college,standard,none,76,78,75,153,81.96875,81.96875,81.96875
female,group B,associate's degree,standard,none,71,83,78,161,72.421875,72.421875,72.421875
female,group B,some college,standard,completed,88,95,92,187,83.1015625,83.1015625,83.1015625
male,group B,some college,free/reduced,none,40,43,39,82,45.0390625,45.0390625,45.0390625
male,group D,high school,free/reduced,completed,64,64,67,131,66.0546875,66.0546875,66.0546875
female,group B,high school,free/reduced,none,38,60,50,110,44.09375,44.09375,44.09375
male,group C,associate's degree,standard,none,58,54,52,106,58.625,58.625,58.625
male,group D,associate's degree,standard,none,40,52,43,95,51.6953125,51.6953125,51.6953125
female,group B,high school,standard,none,65,81,73,154,69.25,69.25,69.25
male,group A,some college,standard,completed,78,72,70,142,74.1484375,74.1484375,74.1484375
female,group A,master's degree,standard,none,50,53,58,111,49.046875,49.046875,49.046875
female,group C,some high school,standard,none,69,75,78,153,70.3203125,70.3203125,70.3203125
male,group C,high school,standard,none,88,89,86,175,92.46875,92.46875,92.46875
female,group B,some high school,free/reduced,none,18,32,28,60,21.34375,21.34375,21.34375
male,group C,master's degree,free/reduced,completed,46,42,46,88,43.265625,43.265625,43.265625
female,group C,associate's degree,free/reduced,none,54,58,61,119,49.703125,49.703125,49.703125
male,group D,high school,standard,none,66,69,63,132,71.1484375,71.1484375,71.1484375
female,group B,some college,free/reduced,completed,65,75,70,145,58.90625,58.90625,58.90625
male,group D,some college,standard,none,44,54,53,107,60.4140625,60.4140625,60.4140625
female,group C,some high school,standard,none,69,73,73,146,66.21875,66.21875,66.21875
male,group D,bachelor's degree,free/reduced,completed,74,71,80,151,75.453125,75.453125,75.453125
male,group A,master's degree,free/reduced,none,73,74,72,146,73.5234375,73.5234375,73.5234375
male,group B,some college,standard,none,69,54,55,109,62.7578125,62.7578125,62.7578125
female,group C,bachelor's degree,standard,none,67,69,75,144,65.234375,65.234375,65.234375
male,group C,high school,standard,none,70,70,65,135,72.75,72.75,72.75
female,group D,master's degree,standard,none,62,70,75,145,64.9296875,64.9296875,64.9296875
female,group D,some college,standard,none,69,74,74,148,67.5,67.5,67.5
female,group B,some college,standard,none,63,65,61,126,56.84375,56.84375,56.84375
female,group E,master's degree,free/reduced,none,56,72,65,137,60.09375,60.09375,60.09375
male,group D,some college,standard,none,40,42,38,80,46.703125,46.703125,46.703125
male,group E,some college,standard,none,97,87,82,169,94.6953125,94.6953125,94.6953125
male,group E,associate's degree,standard,completed,81,81,79,160,86.7890625,86.7890625,86.7890625
female,group D,associate's degree,standard,none,74,81,83,164,74.6796875,74.6796875,74.6796875
female,group D,some high school,free/reduced,none,50,64,59,123,50.5,50.5,50.5
female,group D,associate's degree,free/reduced,completed,75,90,88,178,73.6171875,73.6171875,73.6171875
male,group B,associate's degree,free/reduced,none,57,56,57,113,60.15625,60.15625,60.15625
male,group C,associate's degree,free/reduced,none,55,61,54,115,58.203125,58.203125,58.203125
female,group C,associate's degree,standard,none,58,73,68,141,61.8359375,61.8359375,61.8359375
female,group B,associate's degree,standard,none,53,58,65,123,57.0859375,57.0859375,57.0859375
male,group B,some college,free/reduced,completed,59,65,66,131,66.5078125,66.5078125,66.5078125
female,group E,associate's degree,free/reduced,none,50,56,54,110,49.671875,49.671875,49.671875
male,group B,associate's degree,standard,none,65,54,57,111,63.203125,63.203125,63.203125
female,group A,associate's degree,standard,completed,55,65,62,127,52.828125,52.828125,52.828125
female,group C,high school,standard,none,66,71,76,147,68.09375,68.09375,68.09375
female,group D,associate's degree,free/reduced,completed,57,74,76,150,61.1328125,61.1328125,61.1328125
male,group C,high school,standard,completed,82,84,82,166,85.078125,85.078125,85.078125
male,group E,some college,standard,none,53,55,48,103,62.4765625,62.4765625,62.4765625
male,group E,associate's degree,free/reduced,completed,77,69,68,137,72.46875,72.46875,72.46875
male,group C,some college,standard,none,53,44,42,86,50.0078125,50.0078125,50.0078125
male,group D,high school,standard,none,88,78,75,153,81.9765625,81.9765625,81.9765625
female,group C,some high school,free/reduced,completed,71,84,87,171,72.1484375,72.1484375,72.1484375
female,group C,high school,free/reduced,none,33,41,43,84,33.5625,33.5625,33.5625
female,group E,associate's degree,standard,completed,82,85,86,171,79.9375,79.9375,79.9375
male,group D,associate's degree,standard,none,52,55,49,104,56.7578125,56.7578125,56.7578125
male,group D,some college,standard,completed,58,59,58,117,61.921875,61.921875,61.921875
female,group C,some high school,free/reduced,none,0,17,10,27,3.796875,3.796875,3.796875
male,group E,bachelor's degree,free/reduced,completed,79,74,72,146,75.8203125,75.8203125,75.8203125
male,group A,some high school,free/reduced,none,39,39,34,73,39.7890625,39.7890625,39.7890625
male,group A,associate's degree,free/reduced,none,62,61,55,116,59.4609375,59.4609375,59.4609375
female,group C,associate's degree,standard,none,69,80,71,151,65.671875,65.671875,65.671875
female,group D,some high school,standard,none,59,58,59,117,52.5859375,52.5859375,52.5859375
male,group B,some high school,standard,none,67,64,61,125,69.2109375,69.2109375,69.2109375
male,group D,some high school,free/reduced,none,45,37,37,74,41.03125,41.03125,41.03125
female,group C,some college,standard,none,60,72,74,146,66.953125,66.953125,66.953125
male,group B,associate's degree,free/reduced,none,61,58,56,114,59.90625,59.90625,59.90625
female,group C,associate's degree,standard,none,39,64,57,121,51.7421875,51.7421875,51.7421875
female,group D,some college,free/reduced,completed,58,63,73,136,57.359375,57.359375,57.359375
male,group D,some college,standard,completed,63,55,63,118,64.6015625,64.6015625,64.6015625
female,group A,associate's degree,free/reduced,none,41,51,48,99,39.15625,39.15625,39.15625
male,group C,some high school,free/reduced,none,61,57,56,113,59.4609375,59.4609375,59.4609375
male,group C,some high school,standard,none,49,49,41,90,50.2109375,50.2109375,50.2109375
male,group B,associate's degree,free/reduced,none,44,41,38,79,42.8359375,42.8359375,42.8359375
male,group E,some high school,standard,none,30,26,22,48,36.5234375,36.5234375,36.5234375
male,group A,bachelor's degree,standard,completed,80,78,81,159,81.8046875,81.8046875,81.8046875
female,group D,some high school,standard,completed,61,74,72,146,62.4921875,62.4921875,62.4921875
female,group E,master's degree,standard,none,62,68,68,136,64.828125,64.828125,64.828125
female,group B,associate's degree,standard,none,47,49,50,99,44.0859375,44.0859375,44.0859375
male,group B,high school,free/reduced,none,49,45,45,90,49.7734375,49.7734375,49.7734375
male,group A,some college,free/reduced,completed,50,47,54,101,53.125,53.125,53.125
male,group E,associate's degree,standard,none,72,64,63,127,74.4765625,74.4765625,74.4765625
male,group D,high school,free/reduced,none,42,39,34,73,39.515625,39.515625,39.515625
female,group C,some college,standard,none,73,80,82,162,74.640625,74.640625,74.640625
female,group C,some college,free/reduced,none,76,83,88,171,76.1796875,76.1796875,76.1796875
female,group D,associate's degree,standard,none,71,71,74,145,65.7890625,65.7890625,65.7890625
female,group A,some college,standard,none,58,70,67,137,61.9375,61.9375,61.9375
female,group D,some high school,standard,none,73,86,82,168,75.8828125,75.8828125,75.8828125
female,group C,bachelor's degree,standard,none,65,72,74,146,65.2265625,65.2265625,65.2265625
male,group C,high school,free/reduced,none,27,34,36,70,39.6875,39.6875,39.6875
male,group C,high school,standard,none,71,79,71,150,79.234375,79.234375,79.234375
male,group C,associate's degree,free/reduced,completed,43,45,50,95,48.2265625,48.2265625,48.2265625
female,group B,some college,standard,none,79,86,92,178,84.2734375,84.2734375,84.2734375
male,group C,associate's degree,free/reduced,completed,78,81,82,163,79.9375,79.9375,79.9375
male,group B,some high school,standard,completed,65,66,62,128,67.109375,67.109375,67.109375
female,group E,some college,standard,completed,63,72,70,142,66.265625,66.265625,66.265625
female,group D,some college,free/reduced,none,58,67,62,129,53.6328125,53.6328125,53.6328125
female,group D,bachelor's degree,standard,none,65,67,62,129,55.421875,55.421875,55.421875
male,group B,some college,standard,none,79,67,67,134,74.53125,74.53125,74.53125
male,group D,bachelor's degree,standard,completed,68,74,74,148,75.34375,75.34375,75.34375
female,group D,associate's degree,standard,none,85,91,89,180,81.3984375,81.3984375,81.3984375
male,group B,high school,standard,completed,60,44,47,91,51.2109375,51.2109375,51.2109375
male,group C,some college,standard,completed,98,86,90,176,91.4296875,91.4296875,91.4296875
female,group C,some college,standard,none,58,67,72,139,64.3203125,64.3203125,64.3203125
female,group D,master's degree,standard,none,87,100,100,200,90.1484375,90.1484375,90.1484375
male,group E,associate's degree,standard,completed,66,63,64,127,71.65625,71.65625,71.65625
female,group B,associate's degree,free/reduced,none,52,76,70,146,61.4453125,61.4453125,61.4453125
female,group B,some high school,standard,none,70,64,72,136,64.3125,64.3125,64.3125
female,group D,associate's degree,free/reduced,completed,77,89,98,187,80.625,80.625,80.625
male,group C,high school,standard,none,62,55,49,104,57.609375,57.609375,57.609375
male,group A,associate's degree,standard,none,54,53,47,100,55.296875,55.296875,55.296875
female,group D,some college,standard,none,51,58,54,112,49.21875,49.21875,49.21875
female,group E,bachelor's degree,standard,completed,99,100,100,200,92.9140625,92.9140625,92.9140625
male,group C,high school,standard,none,84,77,74,151,80.9296875,80.9296875,80.9296875
female,group B,bachelor's degree,free/reduced,none,75,85,82,167,71.5546875,71.5546875,71.5546875
female,group D,bachelor's degree,standard,none,78,82,79,161,71.296875,71.296875,71.296875
female,group D,some high school,standard,none,51,63,61,124,55.21875,55.21875,55.21875
female,group C,some college,standard,none,55,69,65,134,59.71875,59.71875,59.71875
female,group C,bachelor's degree,standard,completed,79,92,89,181,77.53125,77.53125,77.53125
male,group B,associate's degree,standard,completed,91,89,92,181,93.546875,93.546875,93.546875
female,group C,some college,standard,completed,88,93,93,186,82.3828125,82.3828125,82.3828125
male,group D,high school,free/reduced,none,63,57,56,113,59.7265625,59.7265625,59.7265625
male,group E,some college,standard,none,83,80,73,153,86.5078125,86.5078125,86.5078125
female,group B,high school,standard,none,87,95,86,181,81.984375,81.984375,81.984375
male,group B,some high school,standard,none,72,68,67,135,74.5078125,74.5078125,74.5078125
male,group D,some college,standard,completed,65,77,74,151,77.78125,77.78125,77.78125
male,group D,master's degree,standard,none,82,82,74,156,79.921875,79.921875,79.921875
female,group A,bachelor's degree,standard,none,51,49,51,100,43.6484375,43.6484375,43.6484375
male,group D,master's degree,standard,none,89,84,82,166,86.1953125,86.1953125,86.1953125
male,group C,some high school,free/reduced,completed,53,37,40,77,39.828125,39.828125,39.828125
male,group E,some college,free/reduced,completed,87,74,70,144,76.1015625,76.1015625,76.1015625
female,group C,some college,standard,completed,75,81,84,165,73.0234375,73.0234375,73.0234375
male,group D,bachelor's degree,free/reduced,completed,74,79,75,154,73.7265625,73.7265625,73.7265625
male,group C,bachelor's degree,standard,none,58,55,48,103,55.2265625,55.2265625,55.2265625
male,group B,some high school,standard,completed,51,54,41,95,49.0546875,49.0546875,49.0546875
male,group E,high school,standard,none,70,55,56,111,68.1953125,68.1953125,68.1953125
female,group C,associate's degree,standard,none,59,66,67,133,59.4609375,59.4609375,59.4609375
male,group D,some college,standard,completed,71,61,69,130,70.3671875,70.3671875,70.3671875
female,group D,some high school,standard,none,76,72,71,143,64.6015625,64.6015625,64.6015625
female,group C,some college,free/reduced,none,59,62,64,126,53.8203125,53.8203125,53.8203125
female,group E,some college,free/reduced,completed,42,55,54,109,47.125,47.125,47.125
male,group A,high school,standard,none,57,43,47,90,53.84375,53.84375,53.84375
male,group D,some college,standard,none,88,73,78,151,83.03125,83.03125,83.03125
female,group C,some college,free/reduced,none,22,39,33,72,25.9140625,25.9140625,25.9140625
male,group B,some high school,standard,none,88,84,75,159,84.09375,84.09375,84.09375
male,group C,associate's degree,free/reduced,none,73,68,66,134,68.5546875,68.5546875,68.5546875
female,group D,bachelor's degree,standard,completed,68,75,81,156,67.78125,67.78125,67.78125
male,group E,associate's degree,free/reduced,completed,100,100,93,193,97.921875,97.921875,97.921875
male,group A,some high school,standard,completed,62,67,69,136,71.9921875,71.9921875,71.9921875
male,group A,bachelor's degree,standard,none,77,67,68,135,73.09375,73.09375,73.09375
female,group B,associate's degree,standard,completed,59,70,66,136,57.34375,57.34375,57.34375
male,group D,bachelor's degree,standard,none,54,49,47,96,53.15625,53.15625,53.15625
male,group D,some high school,standard,none,62,67,61,128,69.0390625,69.0390625,69.0390625
female,group C,some college,standard,completed,70,89,88,177,77.8125,77.8125,77.8125
female,group E,high school,free/reduced,completed,66,74,78,152,68.953125,68.953125,68.953125
male,group B,some college,free/reduced,none,60,60,60,120,64.2734375,64.2734375,64.2734375
female,group B,associate's degree,standard,completed,61,86,87,173,76.34375,76.34375,76.34375
male,group D,associate's degree,free/reduced,none,66,62,64,126,65.765625,65.765625,65.765625
male,group B,associate's degree,free/reduced,completed,82,78,74,152,74.3828125,74.3828125,74.3828125
female,group E,some college,free/reduced,completed,75,88,85,173,77.40625,77.40625,77.40625
male,group B,master's degree,free/reduced,none,49,53,52,105,54.4765625,54.4765625,54.4765625
male,group C,high school,standard,none,52,53,49,102,57.1328125,57.1328125,57.1328125
female,group E,master's degree,standard,none,81,92,91,183,87.1796875,87.1796875,87.1796875
female,group C,bachelor's degree,standard,completed,96,100,100,200,87.390625,87.390625,87.390625
male,group C,high school,free/reduced,completed,53,51,51,102,51.28125,51.28125,51.28125
female,group B,master's degree,free/reduced,completed,58,76,78,154,62.6015625,62.6015625,62.6015625
female,group B,high school,standard,completed,68,83,78,161,70.0546875,70.0546875,70.0546875
female,group C,some college,free/reduced,completed,67,75,70,145,57.9375,57.9375,57.9375
male,group A,high school,standard,completed,72,73,74,147,77.2109375,77.2109375,77.2109375
male,group E,some high school,standard,none,94,88,78,166,91.78125,91.78125,91.78125
female,group D,some college,standard,none,79,86,81,167,75.4140625,75.4140625,75.4140625
female,group C,associate's degree,standard,none,63,67,70,137,61.8671875,61.8671875,61.8671875
female,group C,bachelor's degree,free/reduced,completed,43,51,54,105,38.9375,38.9375,38.9375
female,group C,master's degree,standard,completed,81,91,87,178,75.2265625,75.2265625,75.2265625
female,group B,high school,free/reduced,completed,46,54,58,112,45.171875,45.171875,45.171875
female,group C,associate's degree,standard,completed,71,77,77,154,66.0,66.0,66.0
female,group B,master's degree,free/reduced,completed,52,70,62,132,49.5859375,49.5859375,49.5859375
female,group D,some high school,standard,completed,97,100,100,200,88.9375,88.9375,88.9375
male,group C,master's degree,free/reduced,completed,62,68,75,143,70.4375,70.4375,70.4375
female,group C,some college,free/reduced,none,46,64,66,130,55.7421875,55.7421875,55.7421875
female,group E,high school,standard,none,50,50,47,97,47.6328125,47.6328125,47.6328125
female,group D,associate's degree,standard,none,65,69,70,139,62.421875,62.421875,62.421875
male,group C,some high school,free/reduced,completed,45,52,49,101,49.8984375,49.8984375,49.8984375
male,group C,associate's degree,free/reduced,completed,65,67,65,132,64.3046875,64.3046875,64.3046875
male,group E,high school,standard,none,80,76,65,141,79.6875,79.6875,79.6875
male,group D,some high school,standard,completed,62,66,68,134,70.578125,70.578125,70.578125
male,group B,some high school,free/reduced,none,48,52,45,97,51.2734375,51.2734375,51.2734375
female,group C,bachelor's degree,standard,none,77,88,87,175,78.4296875,78.4296875,78.4296875
female,group E,associate's degree,standard,none,66,65,69,134,66.1875,66.1875,66.1875
male,group D,some college,standard,completed,76,83,79,162,82.828125,82.828125,82.828125
female,group B,some high school,standard,none,62,64,66,130,59.9609375,59.9609375,59.9609375
male,group D,some college,standard,completed,77,62,62,124,65.53125,65.53125,65.53125
female,group C,master's degree,standard,completed,69,84,85,169,72.1171875,72.1171875,72.1171875
male,group D,associate's degree,standard,none,61,55,52,107,58.9296875,58.9296875,58.9296875
male,group C,some high school,free/reduced,completed,59,69,65,134,65.5234375,65.5234375,65.5234375
male,group E,high school,free/reduced,none,55,56,51,107,61.2890625,61.2890625,61.2890625
female,group B,some college,free/reduced,none,45,53,55,108,46.1328125,46.1328125,46.1328125
female,group B,bachelor's degree,free/reduced,none,78,79,76,155,65.78125,65.78125,65.78125
female,group C,associate's degree,standard,completed,67,84,86,170,74.1796875,74.1796875,74.1796875
female,group D,some college,free/reduced,none,65,81,77,158,67.8203125,67.8203125,67.8203125
male,group C,associate's degree,standard,none,69,77,69,146,76.390625,76.390625,76.390625
female,group B,associate's degree,standard,none,57,69,68,137,61.859375,61.859375,61.859375
male,group C,some college,standard,none,59,41,42,83,49.296875,49.296875,49.296875
male,group D,some high school,standard,completed,74,71,78,149,79.0078125,79.0078125,79.0078125
male,group E,bachelor's degree,standard,none,82,62,62,124,72.546875,72.546875,72.546875
male,group E,high school,standard,completed,81,80,76,156,85.296875,85.296875,85.296875
female,group B,some college,free/reduced,none,74,81,76,157,67.9765625,67.9765625,67.9765625
female,group B,some college,free/reduced,none,58,61,66,127,55.9921875,55.9921875,55.9921875
male,group D,some high school,free/reduced,completed,80,79,79,158,78.109375,78.109375,78.109375
male,group C,some college,free/reduced,none,35,28,27,55,31.828125,31.828125,31.828125
female,group C,high school,free/reduced,none,42,62,60,122,50.8515625,50.8515625,50.8515625
male,group C,associate's degree,free/reduced,completed,60,51,56,107,53.9921875,53.9921875,53.9921875
male,group E,high school,standard,completed,87,91,81,172,91.53125,91.53125,91.53125
male,group B,some high school,standard,completed,84,83,75,158,80.5625,80.5625,80.5625
female,group E,associate's degree,free/reduced,completed,83,86,88,174,78.1015625,78.1015625,78.1015625
female,group C,high school,free/reduced,none,34,42,39,81,30.8984375,30.8984375,30.8984375
male,group B,high school,free/reduced,none,66,77,70,147,75.46875,75.46875,75.46875
male,group B,some high school,standard,completed,61,56,56,112,60.3984375,60.3984375,60.3984375
female,group D,high school,standard,completed,56,68,74,142,62.7109375,62.7109375,62.7109375
male,group B,associate's degree,standard,none,87,85,73,158,82.140625,82.140625,82.140625
female,group C,some high school,free/reduced,none,55,65,62,127,52.84375,52.84375,52.84375
male,group D,some high school,standard,none,86,80,75,155,82.265625,82.265625,82.265625
female,group B,associate's degree,standard,completed,52,66,73,139,61.46875,61.46875,61.46875
female,group E,master's degree,free/reduced,none,45,56,54,110,48.3359375,48.3359375,48.3359375
female,group C,some college,standard,none,72,72,71,143,64.7734375,64.7734375,64.7734375
male,group D,high school,standard,none,57,50,54,104,60.1328125,60.1328125,60.1328125
male,group A,some high school,free/reduced,none,68,72,64,136,69.34375,69.34375,69.34375
female,group C,some college,standard,completed,88,95,94,189,83.578125,83.578125,83.578125
male,group D,some college,standard,none,76,64,66,130,72.203125,72.203125,72.203125
male,group C,associate's degree,standard,none,46,43,42,85,48.7734375,48.7734375,48.7734375
female,group B,bachelor's degree,standard,none,67,86,83,169,76.0234375,76.0234375,76.0234375
male,group E,some high school,standard,none,92,87,78,165,91.5390625,91.5390625,91.5390625
male,group C,bachelor's degree,standard,completed,83,82,84,166,84.3984375,84.3984375,84.3984375
male,group D,associate's degree,standard,none,80,75,77,152,81.78125,81.78125,81.78125
male,group D,bachelor's degree,free/reduced,none,63,66,67,133,68.1640625,68.1640625,68.1640625
female,group D,some high school,standard,completed,64,60,74,134,60.625,60.625,60.625
male,group B,some college,standard,none,54,52,51,103,59.3828125,59.3828125,59.3828125
male,group C,associate's degree,standard,none,84,80,80,160,85.0703125,85.0703125,85.0703125
male,group D,high school,free/reduced,completed,73,68,66,134,66.2734375,66.2734375,66.2734375
female,group E,bachelor's degree,standard,none,80,83,83,166,79.875,79.875,79.875
female,group D,high school,standard,none,56,52,55,107,48.4609375,48.4609375,48.4609375
male,group E,some college,standard,none,59,51,43,94,57.90625,57.90625,57.90625
male,group D,some high school,standard,none,75,74,69,143,76.5,76.5,76.5
male,group C,associate's degree,standard,none,85,76,71,147,77.6015625,77.6015625,77.6015625
male,group E,associate's degree,standard,none,89,76,74,150,85.2890625,85.2890625,85.2890625
female,group B,high school,standard,completed,58,70,68,138,59.7265625,59.7265625,59.7265625
female,group B,high school,standard,none,65,64,62,126,57.25,57.25,57.25
male,group C,high school,standard,none,68,60,53,113,61.6875,61.6875,61.6875
male,group A,some high school,standard,completed,47,49,49,98,53.2265625,53.2265625,53.2265625
female,group D,some college,free/reduced,none,71,83,83,166,72.640625,72.640625,72.640625
female,group B,some high school,standard,completed,60,70,70,140,60.984375,60.984375,60.984375
male,group D,master's degree,standard,none,80,80,72,152,78.0,78.0,78.0
male,group D,high school,standard,none,54,52,52,104,59.15625,59.15625,59.15625
female,group E,some college,standard,none,62,73,70,143,69.8046875,69.8046875,69.8046875
female,group C,associate's degree,free/reduced,none,64,73,68,141,58.3203125,58.3203125,58.3203125
male,group C,associate's degree,standard,completed,78,77,77,154,78.875,78.875,78.875
female,group B,some college,standard,none,70,75,78,153,71.53125,71.53125,71.53125
female,group C,master's degree,free/reduced,completed,65,81,81,162,64.984375,64.984375,64.984375
female,group C,some high school,free/reduced,completed,64,79,77,156,63.71875,63.71875,63.71875
male,group C,some college,standard,completed,79,79,78,157,81.0703125,81.0703125,81.0703125
female,group C,some high school,free/reduced,none,44,50,51,101,41.3203125,41.3203125,41.3203125
female,group E,high school,standard,none,99,93,90,183,88.96875,88.96875,88.96875
male,group D,high school,standard,none,76,73,68,141,75.7265625,75.7265625,75.7265625
male,group D,some high school,free/reduced,none,59,42,41,83,45.1171875,45.1171875,45.1171875
female,group C,bachelor's degree,standard,none,63,75,81,156,71.0078125,71.0078125,71.0078125
female,group D,high school,standard,none,69,72,77,149,69.140625,69.140625,69.140625
female,group D,associate's degree,standard,completed,88,92,95,187,82.6796875,82.6796875,82.6796875
female,group E,some college,free/reduced,none,71,76,70,146,67.0,67.0,67.0
male,group C,bachelor's degree,standard,none,69,63,61,124,66.5390625,66.5390625,66.5390625
male,group C,some college,standard,none,58,49,42,91,51.1953125,51.1953125,51.1953125
female,group D,associate's degree,free/reduced,none,47,53,58,111,46.421875,46.421875,46.421875
female,group D,some college,standard,none,65,70,71,141,64.3828125,64.3828125,64.3828125
male,group B,some college,standard,completed,88,85,76,161,82.0078125,82.0078125,82.0078125
male,group C,bachelor's degree,standard,none,83,78,73,151,78.7890625,78.7890625,78.7890625
female,group C,some high school,standard,completed,85,92,93,185,81.9140625,81.9140625,81.9140625
female,group E,high school,standard,completed,59,63,75,138,67.6875,67.6875,67.6875
female,group C,some high school,free/reduced,none,65,86,80,166,70.859375,70.859375,70.859375
male,group B,bachelor's degree,free/reduced,none,73,56,57,113,59.4375,59.4375,59.4375
male,group D,high school,standard,none,53,52,42,94,51.9140625,51.9140625,51.9140625
male,group D,high school,standard,none,45,48,46,94,53.859375,53.859375,53.859375
female,group D,bachelor's degree,free/reduced,none,73,79,84,163,70.6953125,70.6953125,70.6953125
female,group D,some college,free/reduced,completed,70,78,78,156,64.53125,64.53125,64.53125
female,group B,some high school,standard,none,37,46,46,92,41.2109375,41.2109375,41.2109375
male,group B,associate's degree,standard,completed,81,82,82,164,84.640625,84.640625,84.640625
male,group E,associate's degree,standard,completed,97,82,88,170,93.546875,93.546875,93.546875
female,group B,some high school,standard,none,67,89,82,171,77.4765625,77.4765625,77.4765625
male,group B,bachelor's degree,free/reduced,none,88,75,76,151,77.703125,77.703125,77.703125
male,group E,some high school,standard,completed,77,76,77,153,84.90625,84.90625,84.90625
male,group C,associate's degree,standard,none,76,70,68,138,74.0078125,74.0078125,74.0078125
male,group D,some high school,standard,none,86,73,70,143,76.984375,76.984375,76.984375
male,group C,some high school,standard,completed,63,60,57,117,61.1015625,61.1015625,61.1015625
female,group E,bachelor's degree,standard,none,65,73,75,148,71.7109375,71.7109375,71.7109375
male,group D,high school,free/reduced,completed,78,77,80,157,78.546875,78.546875,78.546875
male,group B,associate's degree,free/reduced,none,67,62,60,122,63.75,63.75,63.75
male,group A,some high school,standard,completed,46,41,43,84,46.9921875,46.9921875,46.9921875
male,group E,associate's degree,standard,completed,71,74,68,142,77.15625,77.15625,77.15625
male,group C,high school,free/reduced,completed,40,46,50,96,49.3671875,49.3671875,49.3671875
male,group D,associate's degree,free/reduced,none,90,87,75,162,79.65625,79.65625,79.65625
male,group A,some college,free/reduced,completed,81,78,81,159,80.03125,80.03125,80.03125
male,group D,some high school,free/reduced,none,56,54,52,106,55.9296875,55.9296875,55.9296875
female,group C,associate's degree,standard,completed,67,84,81,165,70.5546875,70.5546875,70.5546875
male,group B,associate's degree,standard,none,80,76,64,140,73.4921875,73.4921875,73.4921875
female,group C,associate's degree,standard,completed,74,75,83,158,69.875,69.875,69.875
male,group A,some college,standard,none,69,67,69,136,75.546875,75.546875,75.546875
male,group E,some college,standard,completed,99,87,81,168,90.65625,90.65625,90.65625
male,group C,some high school,standard,none,51,52,44,96,53.09375,53.09375,53.09375
female,group B,associate's degree,free/reduced,none,53,71,67,138,58.0859375,58.0859375,58.0859375
female,group D,high school,free/reduced,none,49,57,52,109,43.953125,43.953125,43.953125
female,group B,associate's degree,standard,none,73,76,80,156,72.2109375,72.2109375,72.2109375
male,group B,bachelor's degree,standard,none,66,60,57,117,63.890625,63.890625,63.890625
male,group D,bachelor's degree,standard,completed,67,61,68,129,67.9140625,67.9140625,67.9140625
female,group C,associate's degree,free/reduced,completed,68,67,69,136,54.328125,54.328125,54.328125
female,group C,bachelor's degree,standard,completed,59,64,75,139,60.75,60.75,60.75
male,group C,high school,standard,none,71,66,65,131,71.8046875,71.8046875,71.8046875
female,group D,master's degree,standard,completed,77,82,91,173,76.0625,76.0625,76.0625
male,group C,associate's degree,standard,none,83,72,78,150,81.7265625,81.7265625,81.7265625
male,group B,bachelor's degree,standard,none,63,71,69,140,75.1953125,75.1953125,75.1953125
female,group D,associate's degree,free/reduced,none,56,65,63,128,52.8828125,52.8828125,52.8828125
female,group C,high school,free/reduced,completed,67,79,84,163,68.96875,68.96875,68.96875
female,group E,high school,standard,none,75,86,79,165,79.34375,79.34375,79.34375
female,group C,some college,standard,none,71,81,80,161,73.4296875,73.4296875,73.4296875
female,group C,some high school,free/reduced,none,43,53,53,106,43.4765625,43.4765625,43.4765625
female,group C,high school,free/reduced,none,41,46,43,89,34.7421875,34.7421875,34.7421875
female,group C,some college,standard,none,82,90,94,184,85.703125,85.703125,85.703125
male,group C,some college,standard,none,61,61,62,123,68.5234375,68.5234375,68.5234375
male,group A,some college,free/reduced,none,28,23,19,42,25.375,25.375,25.375
male,group C,associate's degree,standard,completed,82,75,77,152,78.3984375,78.3984375,78.3984375
female,group B,some high school,standard,none,41,55,51,106,46.9609375,46.9609375,46.9609375
male,group C,high school,standard,none,71,60,61,121,67.484375,67.484375,67.484375
male,group C,associate's degree,standard,none,47,37,35,72,42.2734375,42.2734375,42.2734375
male,group E,associate's degree,standard,completed,62,56,53,109,62.03125,62.03125,62.03125
male,group B,associate's degree,standard,none,90,78,81,159,86.28125,86.28125,86.28125
female,group C,bachelor's degree,standard,none,83,93,95,188,85.4140625,85.4140625,85.4140625
female,group B,some college,free/reduced,none,61,68,66,134,57.6484375,57.6484375,57.6484375
male,group D,some high school,standard,completed,76,70,69,139,72.25,72.25,72.25
male,group C,associate's degree,standard,none,49,51,43,94,51.390625,51.390625,51.390625
female,group B,some high school,free/reduced,none,24,38,27,65,22.0390625,22.0390625,22.0390625
female,group D,some high school,free/reduced,completed,35,55,60,115,45.7890625,45.7890625,45.7890625
male,group C,high school,free/reduced,none,58,61,52,113,57.6796875,57.6796875,57.6796875
female,group C,high school,standard,none,61,73,63,136,59.1484375,59.1484375,59.1484375
female,group B,high school,standard,completed,69,76,74,150,65.5,65.5,65.5
male,group D,associate's degree,standard,completed,67,72,67,139,70.5234375,70.5234375,70.5234375
male,group D,some college,standard,none,79,73,67,140,75.0625,75.0625,75.0625
female,group C,high school,standard,none,72,80,75,155,69.5,69.5,69.5
male,group B,some college,standard,none,62,61,57,118,65.8671875,65.8671875,65.8671875
female,group C,bachelor's degree,standard,completed,77,94,95,189,82.3515625,82.3515625,82.3515625
male,group D,high school,free/reduced,none,75,74,66,140,70.9921875,70.9921875,70.9921875
male,group E,associate's degree,standard,none,87,74,76,150,86.265625,86.265625,86.265625
female,group B,bachelor's degree,standard,none,52,65,69,134,60.90625,60.90625,60.90625
male,group E,some college,standard,none,66,57,52,109,65.8515625,65.8515625,65.8515625
female,group C,some college,standard,completed,63,78,80,158,69.4140625,69.4140625,69.4140625
female,group C,associate's degree,standard,none,46,58,57,115,50.3203125,50.3203125,50.3203125
female,group C,some college,standard,none,59,71,70,141,63.8125,63.8125,63.8125
female,group B,bachelor's degree,standard,none,61,72,70,142,63.2890625,63.2890625,63.2890625
male,group A,associate's degree,standard,none,63,61,61,122,67.3359375,67.3359375,67.3359375
female,group C,some college,free/reduced,completed,42,66,69,135,55.0859375,55.0859375,55.0859375
male,group D,some college,free/reduced,none,59,62,61,123,64.59375,64.59375,64.59375
female,group D,some college,standard,none,80,90,89,179,82.1640625,82.1640625,82.1640625
female,group B,high school,standard,none,58,62,59,121,54.6015625,54.6015625,54.6015625
male,group B,some high school,standard,completed,85,84,78,162,82.96875,82.96875,82.96875
female,group C,some college,standard,none,52,58,58,116,52.0390625,52.0390625,52.0390625
female,group D,some high school,free/reduced,none,27,34,32,66,23.8359375,23.8359375,23.8359375
male,group C,some college,standard,none,59,60,58,118,65.390625,65.390625,65.390625
male,group A,bachelor's degree,free/reduced,completed,49,58,60,118,58.3515625,58.3515625,58.3515625
male,group C,high school,standard,completed,69,58,53,111,57.90625,57.90625,57.90625
male,group C,bachelor's degree,free/reduced,none,61,66,61,127,63.734375,63.734375,63.734375
female,group A,some high school,free/reduced,none,44,64,58,122,50.2265625,50.2265625,50.2265625
female,group D,some high school,standard,none,73,84,85,169,77.5859375,77.5859375,77.5859375
male,group E,some college,standard,none,84,77,71,148,84.3515625,84.3515625,84.3515625
female,group C,some college,free/reduced,completed,45,73,70,143,57.46875,57.46875,57.46875
male,group D,some high school,standard,none,74,74,72,146,78.671875,78.671875,78.671875
female,group D,some college,standard,completed,82,97,96,193,85.59375,85.59375,85.59375
female,group D,bachelor's degree,standard,none,59,70,73,143,64.1015625,64.1015625,64.1015625
male,group E,associate's degree,free/reduced,none,46,43,41,84,50.0390625,50.0390625,50.0390625
female,group D,some high school,standard,none,80,90,82,172,76.828125,76.828125,76.828125
female,group D,master's degree,free/reduced,completed,85,95,100,195,82.15625,82.15625,82.15625
female,group A,some high school,standard,none,71,83,77,160,72.0078125,72.0078125,72.0078125
male,group A,bachelor's degree,standard,none,66,64,62,126,68.03125,68.03125,68.03125
female,group B,associate's degree,standard,none,80,86,83,169,76.7578125,76.7578125,76.7578125
male,group C,associate's degree,standard,completed,87,100,95,195,97.3671875,97.3671875,97.3671875
male,group C,master's degree,free/reduced,none,79,81,71,152,73.921875,73.921875,73.921875
female,group E,some high school,free/reduced,none,38,49,45,94,42.2421875,42.2421875,42.2421875
female,group A,some high school,free/reduced,none,38,43,43,86,34.3828125,34.3828125,34.3828125
female,group E,some college,standard,none,67,76,75,151,74.140625,74.140625,74.140625
female,group E,bachelor's degree,standard,none,64,73,70,143,68.0859375,68.0859375,68.0859375
female,group C,associate's degree,free/reduced,none,57,78,67,145,58.78125,58.78125,58.78125
female,group D,high school,standard,none,62,64,64,128,57.828125,57.828125,57.828125
male,group D,master's degree,standard,none,73,70,75,145,77.8046875,77.8046875,77.8046875
male,group E,some high school,free/reduced,completed,73,67,59,126,66.21875,66.21875,66.21875
female,group D,some college,standard,none,77,68,77,145,68.2578125,68.2578125,68.2578125
male,group E,some college,standard,none,76,67,67,134,79.0859375,79.0859375,79.0859375
male,group C,associate's degree,standard,completed,57,54,56,110,58.2109375,58.2109375,58.2109375
female,group C,some high school,standard,completed,65,74,77,151,66.0546875,66.0546875,66.0546875
male,group A,high school,free/reduced,none,48,45,41,86,46.453125,46.453125,46.453125
female,group B,high school,free/reduced,none,50,67,63,130,55.171875,55.171875,55.171875
female,group C,associate's degree,standard,none,85,89,95,184,85.1953125,85.1953125,85.1953125
male,group B,some high school,standard,none,74,63,57,120,66.078125,66.078125,66.078125
male,group D,some high school,standard,none,60,59,54,113,62.078125,62.078125,62.078125
female,group C,some high school,standard,completed,59,54,67,121,54.0703125,54.0703125,54.0703125
male,group A,some college,standard,none,53,43,43,86,51.0234375,51.0234375,51.0234375
female,group A,some college,free/reduced,none,49,65,55,120,48.5390625,48.5390625,48.5390625
female,group D,high school,standard,completed,88,99,100,199,88.890625,88.890625,88.890625
female,group C,high school,standard,none,54,59,62,121,55.109375,55.109375,55.109375
female,group C,some high school,standard,none,63,73,68,141,62.6015625,62.6015625,62.6015625
male,group B,associate's degree,standard,completed,65,65,63,128,66.8515625,66.8515625,66.8515625
female,group B,associate's degree,standard,none,82,80,77,157,70.984375,70.984375,70.984375
female,group D,high school,free/reduced,completed,52,57,56,113,43.546875,43.546875,43.546875
male,group D,associate's degree,standard,completed,87,84,85,169,86.40625,86.40625,86.40625
female,group D,master's degree,standard,completed,70,71,74,145,61.140625,61.140625,61.140625
male,group E,some college,standard,completed,84,83,78,161,87.5390625,87.5390625,87.5390625
male,group D,associate's degree,standard,none,71,66,60,126,67.328125,67.328125,67.328125
male,group B,some high school,standard,completed,63,67,67,134,70.96875,70.96875,70.96875
female,group C,bachelor's degree,free/reduced,completed,51,72,79,151,62.0234375,62.0234375,62.0234375
male,group E,high school,standard,none,84,73,69,142,81.875,81.875,81.875
male,group C,bachelor's degree,standard,completed,71,74,68,142,70.90625,70.90625,70.90625
male,group C,associate's degree,standard,none,74,73,67,140,73.9921875,73.9921875,73.9921875
male,group D,some college,standard,none,68,59,62,121,68.125,68.125,68.125
male,group E,high school,free/reduced,completed,57,56,54,110,60.1484375,60.1484375,60.1484375
female,group C,associate's degree,free/reduced,completed,82,93,93,186,77.8671875,77.8671875,77.8671875
female,group D,high school,standard,completed,57,58,64,122,53.09375,53.09375,53.09375
female,group D,master's degree,free/reduced,completed,47,58,67,125,49.484375,49.484375,49.484375
female,group A,some high school,standard,completed,59,85,80,165,71.359375,71.359375,71.359375
male,group B,some college,free/reduced,none,41,39,34,73,40.4609375,40.4609375,40.4609375
female,group C,some college,free/reduced,none,62,67,62,129,53.5546875,53.5546875,53.5546875
male,group C,bachelor's degree,standard,none,86,83,86,169,89.390625,89.390625,89.390625
male,group C,some high school,free/reduced,none,69,71,65,136,69.3046875,69.3046875,69.3046875
male,group A,some high school,free/reduced,none,65,59,53,112,58.296875,58.296875,58.296875
male,group C,some high school,free/reduced,none,68,63,54,117,59.4375,59.4375,59.4375
male,group C,associate's degree,free/reduced,none,64,66,59,125,63.015625,63.015625,63.015625
female,group C,high school,standard,none,61,72,70,142,63.984375,63.984375,63.984375
male,group C,high school,standard,none,61,56,55,111,62.1875,62.1875,62.1875
female,group A,some high school,free/reduced,none,47,59,50,109,43.25,43.25,43.25
male,group C,some high school,standard,none,73,66,66,132,72.3515625,72.3515625,72.3515625
male,group C,some college,free/reduced,completed,50,48,53,101,52.109375,52.109375,52.109375
male,group D,associate's degree,standard,none,75,68,64,132,70.703125,70.703125,70.703125
male,group D,associate's degree,free/reduced,none,75,66,73,139,73.234375,73.234375,73.234375
male,group C,high school,standard,none,70,56,51,107,59.2890625,59.2890625,59.2890625
male,group D,some high school,standard,completed,89,88,82,170,85.9296875,85.9296875,85.9296875
female,group C,some college,standard,completed,67,81,79,160,69.3984375,69.3984375,69.3984375
female,group D,high school,standard,none,78,81,80,161,73.4453125,73.4453125,73.4453125
female,group A,some high school,free/reduced,none,59,73,69,142,60.328125,60.328125,60.328125
female,group B,associate's degree,standard,none,73,83,76,159,70.9765625,70.9765625,70.9765625
male,group A,some high school,free/reduced,none,79,82,73,155,78.234375,78.234375,78.234375
female,group C,some high school,standard,completed,67,74,77,151,66.0546875,66.0546875,66.0546875
male,group D,some college,free/reduced,none,69,66,60,126,64.8125,64.8125,64.8125
male,group C,high school,standard,completed,86,81,80,161,82.921875,82.921875,82.921875
male,group B,high school,standard,none,47,46,42,88,51.3671875,51.3671875,51.3671875
male,group B,associate's degree,standard,none,81,73,72,145,78.5703125,78.5703125,78.5703125
female,group C,some college,free/reduced,completed,64,85,85,170,71.1796875,71.1796875,71.1796875
female,group E,some college,standard,none,100,92,97,189,93.8671875,93.8671875,93.8671875
female,group C,associate's degree,free/reduced,none,65,77,74,151,63.6171875,63.6171875,63.6171875
male,group C,some college,free/reduced,none,65,58,49,107,54.875,54.875,54.875
female,group C,associate's degree,free/reduced,none,53,61,62,123,51.1328125,51.1328125,51.1328125
male,group C,bachelor's degree,free/reduced,none,37,56,47,103,51.2265625,51.2265625,51.2265625
female,group D,bachelor's degree,standard,none,79,89,89,178,80.1953125,80.1953125,80.1953125
male,group D,associate's degree,free/reduced,none,53,54,48,102,52.28125,52.28125,52.28125
female,group E,bachelor's degree,standard,none,100,100,100,200,96.21875,96.21875,96.21875
male,group B,high school,standard,completed,72,65,68,133,71.40625,71.40625,71.40625
male,group C,bachelor's degree,free/reduced,none,53,58,55,113,57.4921875,57.4921875,57.4921875
male,group B,some college,free/reduced,none,54,54,45,99,51.984375,51.984375,51.984375
female,group E,some college,standard,none,71,70,76,146,73.4453125,73.4453125,73.4453125
female,group C,some college,free/reduced,none,77,90,91,181,80.015625,80.015625,80.015625
male,group A,bachelor's degree,standard,completed,75,58,62,120,63.3046875,63.3046875,63.3046875
female,group C,some college,standard,none,84,87,91,178,82.8203125,82.8203125,82.8203125
female,group D,associate's degree,free/reduced,none,26,31,38,69,26.71875,26.71875,26.71875
male,group A,high school,free/reduced,completed,72,67,65,132,65.7421875,65.7421875,65.7421875
female,group A,high school,free/reduced,completed,77,88,85,173,72.359375,72.359375,72.359375
male,group C,some college,standard,none,91,74,76,150,81.75,81.75,81.75
female,group C,associate's degree,standard,completed,83,85,90,175,77.3125,77.3125,77.3125
female,group C,high school,standard,none,63,69,74,143,66.171875,66.171875,66.171875
female,group C,associate's degree,standard,completed,68,86,84,170,73.203125,73.203125,73.203125
female,group D,some high school,standard,none,59,67,61,128,56.1640625,56.1640625,56.1640625
female,group B,associate's degree,standard,completed,90,90,91,181,80.1953125,80.1953125,80.1953125
female,group D,bachelor's degree,standard,completed,71,76,83,159,69.46875,69.46875,69.46875
male,group E,bachelor's degree,standard,completed,76,62,66,128,72.1328125,72.1328125,72.1328125
male,group D,associate's degree,standard,none,80,68,72,140,76.5,76.5,76.5
female,group D,master's degree,standard,none,55,64,70,134,59.8828125,59.8828125,59.8828125
male,group E,associate's degree,standard,none,76,71,67,138,79.03125,79.03125,79.03125
male,group B,high school,standard,completed,73,71,68,139,72.828125,72.828125,72.828125
female,group D,associate's degree,free/reduced,none,52,59,56,115,46.390625,46.390625,46.390625
male,group C,some college,free/reduced,none,68,68,61,129,65.9375,65.9375,65.9375
male,group A,high school,standard,none,59,52,46,98,55.2578125,55.2578125,55.2578125
female,group B,associate's degree,standard,none,49,52,54,106,47.6875,47.6875,47.6875
male,group C,high school,standard,none,70,74,71,145,78.046875,78.046875,78.046875
male,group D,some college,free/reduced,none,61,47,56,103,57.4140625,57.4140625,57.4140625
female,group C,associate's degree,free/reduced,none,60,75,74,149,63.1484375,63.1484375,63.1484375
male,group B,some high school,standard,completed,64,53,57,110,60.4140625,60.4140625,60.4140625
male,group A,associate's degree,free/reduced,completed,79,82,82,164,80.703125,80.703125,80.703125
female,group A,associate's degree,free/reduced,none,65,85,76,161,67.4921875,67.4921875,67.4921875
female,group C,associate's degree,standard,none,64,64,70,134,61.15625,61.15625,61.15625
female,group C,some college,standard,none,83,83,90,173,81.1484375,81.1484375,81.1484375
female,group C,bachelor's degree,standard,none,81,88,90,178,80.609375,80.609375,80.609375
female,group B,high school,standard,none,54,64,68,132,61.6015625,61.6015625,61.6015625
male,group D,high school,standard,completed,68,64,66,130,68.84375,68.84375,68.84375
female,group C,some college,standard,none,54,48,52,100,45.328125,45.328125,45.328125
female,group D,some college,free/reduced,completed,59,78,76,154,63.0859375,63.0859375,63.0859375
female,group B,some high school,standard,none,66,69,68,137,62.59375,62.59375,62.59375
male,group E,some college,standard,none,76,71,72,143,83.65625,83.65625,83.65625
female,group D,master's degree,standard,none,74,79,82,161,72.1328125,72.1328125,72.1328125
female,group B,associate's degree,standard,completed,94,87,92,179,80.203125,80.203125,80.203125
male,group C,some college,free/reduced,none,63,61,54,115,59.203125,59.203125,59.203125
female,group E,associate's degree,standard,completed,95,89,92,181,85.234375,85.234375,85.234375
female,group D,master's degree,free/reduced,none,40,59,54,113,43.6015625,43.6015625,43.6015625
female,group B,some high school,standard,none,82,82,80,162,74.3671875,74.3671875,74.3671875
male,group A,high school,standard,none,68,70,66,136,74.0078125,74.0078125,74.0078125
male,group B,bachelor's degree,free/reduced,none,55,59,54,113,57.9765625,57.9765625,57.9765625
male,group C,master's degree,standard,none,79,78,77,155,81.0703125,81.0703125,81.0703125
female,group C,bachelor's degree,standard,none,86,92,87,179,79.3828125,79.3828125,79.3828125
male,group D,some college,standard,none,76,71,73,144,78.9296875,78.9296875,78.9296875
male,group A,some high school,standard,none,64,50,43,93,52.4375,52.4375,52.4375
male,group D,some high school,free/reduced,none,62,49,52,101,54.7421875,54.7421875,54.7421875
female,group B,some high school,standard,completed,54,61,62,123,53.0546875,53.0546875,53.0546875
female,group B,master's degree,free/reduced,completed,77,97,94,191,79.1640625,79.1640625,79.1640625
female,group C,some high school,standard,completed,76,87,85,172,74.9296875,74.9296875,74.9296875
female,group D,some college,standard,none,74,89,84,173,78.3046875,78.3046875,78.3046875
female,group E,some college,standard,completed,66,74,73,147,68.9140625,68.9140625,68.9140625
female,group D,some high school,standard,completed,66,78,78,156,67.7890625,67.7890625,67.7890625
female,group B,high school,free/reduced,completed,67,78,79,157,66.0703125,66.0703125,66.0703125
male,group D,some college,standard,none,71,49,52,101,58.5078125,58.5078125,58.5078125
female,group C,associate's degree,standard,none,91,86,84,170,76.5078125,76.5078125,76.5078125
male,group D,bachelor's degree,standard,none,69,58,57,115,62.5390625,62.5390625,62.5390625
male,group C,master's degree,free/reduced,none,54,59,50,109,53.5,53.5,53.5
male,group C,high school,standard,completed,53,52,49,101,53.5859375,53.5859375,53.5859375
male,group E,some college,standard,none,68,60,59,119,71.6328125,71.6328125,71.6328125
male,group C,some high school,free/reduced,completed,56,61,60,121,60.0,60.0,60.0
female,group C,high school,free/reduced,none,36,53,43,96,36.40625,36.40625,36.40625
female,group D,bachelor's degree,free/reduced,none,29,41,47,88,34.890625,34.890625,34.890625
female,group C,associate's degree,standard,none,62,74,70,144,63.5234375,63.5234375,63.5234375
female,group C,associate's degree,standard,completed,68,67,73,140,60.734375,60.734375,60.734375
female,group C,some high school,standard,none,47,54,53,107,47.2265625,47.2265625,47.2265625
male,group E,associate's degree,standard,completed,62,61,58,119,66.8359375,66.8359375,66.8359375
female,group E,associate's degree,standard,completed,79,88,94,182,86.4453125,86.4453125,86.4453125
male,group B,high school,standard,completed,73,69,68,137,72.3515625,72.3515625,72.3515625
female,group C,bachelor's degree,free/reduced,completed,66,83,83,166,67.5234375,67.5234375,67.5234375
male,group C,associate's degree,standard,completed,51,60,58,118,61.0859375,61.0859375,61.0859375
female,group D,high school,standard,none,51,66,62,128,56.8515625,56.8515625,56.8515625
male,group E,bachelor's degree,standard,completed,85,66,71,137,76.703125,76.703125,76.703125
male,group A,associate's degree,standard,completed,97,92,86,178,89.484375,89.484375,89.484375
male,group C,high school,standard,completed,75,69,68,137,71.3828125,71.3828125,71.3828125
male,group D,associate's degree,free/reduced,completed,79,82,80,162,78.796875,78.796875,78.796875
female,group C,associate's degree,standard,none,81,77,79,156,70.7578125,70.7578125,70.7578125
female,group D,associate's degree,standard,none,82,95,89,184,82.34375,82.34375,82.34375
female,group D,master's degree,standard,none,64,63,66,129,56.75,56.75,56.75
male,group E,some high school,free/reduced,completed,78,83,80,163,85.21875,85.21875,85.21875
female,group A,some high school,standard,completed,92,100,97,197,87.2265625,87.2265625,87.2265625
male,group C,high school,standard,completed,72,67,64,131,68.0078125,68.0078125,68.0078125
female,group C,high school,free/reduced,none,62,67,64,131,54.9375,54.9375,54.9375
male,group C,master's degree,standard,none,79,72,69,141,73.8515625,73.8515625,73.8515625
male,group C,some high school,free/reduced,none,79,76,65,141,70.484375,70.484375,70.484375
male,group B,bachelor's degree,free/reduced,completed,87,90,88,178,86.640625,86.640625,86.640625
female,group B,associate's degree,standard,none,40,48,50,98,43.84375,43.84375,43.84375
male,group D,some college,free/reduced,none,77,62,64,126,66.765625,66.765625,66.765625
male,group E,associate's degree,standard,none,53,45,40,85,53.3125,53.3125,53.3125
female,group C,some college,free/reduced,none,32,39,33,72,25.9140625,25.9140625,25.9140625
female,group C,associate's degree,standard,completed,55,72,79,151,66.265625,66.265625,66.265625
male,group C,master's degree,free/reduced,none,61,67,66,133,66.984375,66.984375,66.984375
female,group B,associate's degree,free/reduced,none,53,70,70,140,60.0234375,60.0234375,60.0234375
male,group D,some high school,standard,none,73,66,62,128,69.53125,69.53125,69.53125
female,group D,some college,standard,completed,74,75,79,154,68.0625,68.0625,68.0625
female,group C,some college,standard,none,63,74,74,148,67.421875,67.421875,67.421875
male,group C,bachelor's degree,standard,completed,96,90,92,182,92.0859375,92.0859375,92.0859375
female,group D,some college,free/reduced,completed,63,80,80,160,66.453125,66.453125,66.453125
male,group B,bachelor's degree,free/reduced,none,48,51,46,97,50.2734375,50.2734375,50.2734375
male,group B,associate's degree,standard,none,48,43,45,88,51.8984375,51.8984375,51.8984375
female,group E,bachelor's degree,free/reduced,completed,92,100,100,200,89.390625,89.390625,89.390625
female,group D,master's degree,free/reduced,completed,61,71,78,149,60.53125,60.53125,60.53125
male,group B,high school,free/reduced,none,63,48,47,95,51.9375,51.9375,51.9375
male,group D,bachelor's degree,free/reduced,none,68,68,67,135,68.6328125,68.6328125,68.6328125
male,group B,some college,standard,completed,71,75,70,145,75.2890625,75.2890625,75.2890625
male,group A,bachelor's degree,standard,none,91,96,92,188,97.3515625,97.3515625,97.3515625
female,group C,some college,standard,none,53,62,56,118,51.5390625,51.5390625,51.5390625
female,group C,high school,free/reduced,completed,50,66,64,130,51.3984375,51.3984375,51.3984375
female,group E,high school,standard,none,74,81,71,152,72.359375,72.359375,72.359375
male,group A,associate's degree,free/reduced,completed,40,55,53,108,53.296875,53.296875,53.296875
male,group A,some college,standard,completed,61,51,52,103,56.1328125,56.1328125,56.1328125
female,group B,high school,standard,none,81,91,89,180,83.2109375,83.2109375,83.2109375
female,group B,some college,free/reduced,completed,48,56,58,114,45.7109375,45.7109375,45.7109375
female,group D,master's degree,standard,none,53,61,68,129,57.7265625,57.7265625,57.7265625
female,group D,some high school,standard,none,81,97,96,193,88.6328125,88.6328125,88.6328125
female,group E,some high school,standard,none,77,79,80,159,78.21875,78.21875,78.21875
female,group D,bachelor's degree,free/reduced,none,63,73,78,151,64.9296875,64.9296875,64.9296875
female,group D,associate's degree,standard,completed,73,75,80,155,67.7890625,67.7890625,67.7890625
female,group D,some college,standard,none,69,77,77,154,70.3828125,70.3828125,70.3828125
female,group C,associate's degree,standard,none,65,76,76,152,68.34375,68.34375,68.34375
female,group A,high school,standard,none,55,73,73,146,66.9296875,66.9296875,66.9296875
female,group C,bachelor's degree,free/reduced,none,44,63,62,125,50.8828125,50.8828125,50.8828125
female,group C,some college,standard,none,54,64,65,129,58.53125,58.53125,58.53125
female,group A,some high school,standard,none,48,66,65,131,59.2890625,59.2890625,59.2890625
male,group C,some college,free/reduced,none,58,57,54,111,58.2578125,58.2578125,58.2578125
male,group A,some high school,standard,none,71,62,50,112,60.3515625,60.3515625,60.3515625
male,group E,bachelor's degree,standard,none,68,68,64,132,75.4140625,75.4140625,75.4140625
female,group E,high school,standard,none,74,76,73,149,72.625,72.625,72.625
female,group C,bachelor's degree,standard,completed,92,100,99,199,86.671875,86.671875,86.671875
female,group C,bachelor's degree,standard,completed,56,79,72,151,62.1328125,62.1328125,62.1328125
male,group B,high school,free/reduced,none,30,24,15,39,23.0703125,23.0703125,23.0703125
male,group A,some high school,standard,none,53,54,48,102,57.0078125,57.0078125,57.0078125
female,group D,high school,standard,none,69,77,73,150,67.4296875,67.4296875,67.4296875
female,group D,some high school,standard,none,65,82,81,163,74.2109375,74.2109375,74.2109375
female,group D,master's degree,standard,none,54,60,63,123,53.8671875,53.8671875,53.8671875
female,group C,high school,standard,none,29,29,30,59,24.8125,24.8125,24.8125
female,group E,some college,standard,none,76,78,80,158,78.234375,78.234375,78.234375
male,group D,high school,free/reduced,none,60,57,51,108,56.1015625,56.1015625,56.1015625
male,group D,master's degree,free/reduced,completed,84,89,90,179,86.3515625,86.3515625,86.3515625
male,group C,some high school,standard,none,75,72,62,134,70.875,70.875,70.875
female,group C,associate's degree,standard,none,85,84,82,166,74.5859375,74.5859375,74.5859375
female,group C,master's degree,free/reduced,none,40,58,54,112,43.28125,43.28125,43.28125
female,group E,some college,standard,none,61,64,62,126,61.875,61.875,61.875
female,group B,associate's degree,standard,none,58,63,65,128,58.265625,58.265625,58.265625
male,group D,some college,free/reduced,completed,69,60,63,123,62.265625,62.265625,62.265625
female,group C,some college,standard,none,58,59,66,125,58.0703125,58.0703125,58.0703125
male,group C,bachelor's degree,standard,completed,94,90,91,181,91.3671875,91.3671875,91.3671875
female,group C,associate's degree,standard,none,65,77,74,151,67.1328125,67.1328125,67.1328125
female,group A,associate's degree,standard,none,82,93,93,186,85.21875,85.21875,85.21875
female,group C,high school,standard,none,60,68,72,140,64.484375,64.484375,64.484375
female,group E,bachelor's degree,standard,none,37,45,38,83,38.265625,38.265625,38.265625
male,group D,bachelor's degree,standard,none,88,78,83,161,86.109375,86.109375,86.109375
male,group D,master's degree,standard,none,95,81,84,165,86.9296875,86.9296875,86.9296875
male,group C,associate's degree,free/reduced,completed,65,73,68,141,67.8984375,67.8984375,67.8984375
female,group C,high school,free/reduced,none,35,61,54,115,46.265625,46.265625,46.265625
male,group B,bachelor's degree,free/reduced,none,62,63,56,119,60.3671875,60.3671875,60.3671875
male,group C,high school,free/reduced,completed,58,51,52,103,52.0,52.0,52.0
male,group A,some college,standard,completed,100,96,86,182,91.4296875,91.4296875,91.4296875
female,group E,bachelor's degree,free/reduced,none,61,58,62,120,55.21875,55.21875,55.21875
male,group D,some college,standard,completed,100,97,99,196,100.6328125,100.6328125,100.6328125
male,group B,associate's degree,free/reduced,completed,69,70,63,133,64.5234375,64.5234375,64.5234375
male,group D,associate's degree,standard,none,61,48,46,94,52.921875,52.921875,52.921875
male,group D,some college,free/reduced,none,49,57,46,103,52.5390625,52.5390625,52.5390625
female,group C,some high school,standard,completed,44,51,55,106,44.6640625,44.6640625,44.6640625
male,group D,some college,standard,none,67,64,70,134,75.1015625,75.1015625,75.1015625
male,group B,high school,standard,none,79,60,65,125,71.34375,71.34375,71.34375
female,group B,bachelor's degree,standard,completed,66,74,81,155,68.4296875,68.4296875,68.4296875
female,group C,high school,standard,none,75,88,85,173,78.640625,78.640625,78.640625
male,group D,some high school,standard,none,84,84,80,164,86.8359375,86.8359375,86.8359375
male,group A,high school,standard,none,71,74,64,138,73.5078125,73.5078125,73.5078125
female,group B,high school,free/reduced,completed,67,80,81,161,67.9921875,67.9921875,67.9921875
female,group D,some high school,standard,completed,80,92,88,180,78.3515625,78.3515625,78.3515625
male,group E,some college,standard,none,86,76,74,150,86.2890625,86.2890625,86.2890625
female,group D,associate's degree,standard,none,76,74,73,147,65.7734375,65.7734375,65.7734375
male,group D,high school,standard,none,41,52,51,103,58.4296875,58.4296875,58.4296875
female,group D,associate's degree,free/reduced,completed,74,88,90,178,74.59375,74.59375,74.59375
female,group B,some high school,free/reduced,none,72,81,79,160,69.8984375,69.8984375,69.8984375
female,group E,high school,standard,completed,74,79,80,159,75.1015625,75.1015625,75.1015625
male,group B,high school,standard,none,70,65,60,125,68.90625,68.90625,68.90625
female,group B,bachelor's degree,standard,completed,65,81,81,162,70.0859375,70.0859375,70.0859375
female,group D,associate's degree,standard,none,59,70,65,135,59.03125,59.03125,59.03125
female,group E,high school,free/reduced,none,64,62,68,130,62.1640625,62.1640625,62.1640625
female,group B,high school,standard,none,50,53,55,108,49.5703125,49.5703125,49.5703125
female,group D,some college,standard,completed,69,79,81,160,70.4609375,70.4609375,70.4609375
male,group C,some high school,free/reduced,completed,51,56,53,109,53.75,53.75,53.75
female,group A,high school,standard,completed,68,80,76,156,67.453125,67.453125,67.453125
female,group D,some college,standard,completed,85,86,98,184,84.4296875,84.4296875,84.4296875
female,group A,associate's degree,standard,completed,65,70,74,144,62.7109375,62.7109375,62.7109375
female,group B,some high school,standard,none,73,79,79,158,72.9375,72.9375,72.9375
female,group B,some college,standard,none,62,67,67,134,61.6640625,61.6640625,61.6640625
male,group C,associate's degree,free/reduced,none,77,67,64,131,66.875,66.875,66.875
male,group D,some high school,standard,none,69,66,61,127,68.8046875,68.8046875,68.8046875
female,group D,associate's degree,free/reduced,none,43,60,58,118,48.078125,48.078125,48.078125
male,group D,associate's degree,standard,none,90,87,85,172,90.421875,90.421875,90.421875
male,group C,some college,free/reduced,none,74,77,73,150,76.7578125,76.7578125,76.7578125
male,group C,some high school,standard,none,73,66,63,129,70.1796875,70.1796875,70.1796875
female,group D,some college,free/reduced,none,55,71,69,140,59.65625,59.65625,59.65625
female,group C,high school,standard,none,65,69,67,136,61.1015625,61.1015625,61.1015625
male,group D,associate's degree,standard,none,80,63,63,126,68.7890625,68.7890625,68.7890625
female,group C,some high school,free/reduced,completed,50,60,60,120,46.8984375,46.8984375,46.8984375
female,group C,some college,free/reduced,completed,63,73,71,144,58.1875,58.1875,58.1875
female,group B,bachelor's degree,free/reduced,none,77,85,87,172,75.171875,75.171875,75.171875
male,group C,some college,standard,none,73,74,61,135,70.8828125,70.8828125,70.8828125
male,group D,associate's degree,standard,completed,81,72,77,149,77.765625,77.765625,77.765625
female,group C,high school,free/reduced,none,66,76,68,144,59.9609375,59.9609375,59.9609375
male,group D,associate's degree,free/reduced,none,52,57,50,107,54.4375,54.4375,54.4375
female,group C,some college,standard,none,69,78,76,154,69.8203125,69.8203125,69.8203125
female,group C,associate's degree,standard,completed,65,84,84,168,72.734375,72.734375,72.734375
female,group D,high school,standard,completed,69,77,78,155,67.7421875,67.7421875,67.7421875
female,group B,some college,standard,completed,50,64,66,130,56.921875,56.921875,56.921875
female,group E,some college,standard,completed,73,78,76,154,72.0390625,72.0390625,72.0390625
female,group C,some high school,standard,completed,70,82,76,158,67.2265625,67.2265625,67.2265625
male,group D,associate's degree,free/reduced,none,81,75,78,153,78.9921875,78.9921875,78.9921875
male,group D,some college,free/reduced,none,63,61,60,121,63.6328125,63.6328125,63.6328125
female,group D,high school,standard,none,67,72,74,146,66.96875,66.96875,66.96875
male,group B,high school,standard,none,60,68,60,128,69.6171875,69.6171875,69.6171875
male,group B,high school,standard,none,62,55,54,109,62.1875,62.1875,62.1875
female,group C,some high school,free/reduced,completed,29,40,44,84,30.5703125,30.5703125,30.5703125
male,group B,some college,standard,completed,62,66,68,134,71.7109375,71.7109375,71.7109375
female,group E,master's degree,standard,completed,94,99,100,199,92.0546875,92.0546875,92.0546875
male,group E,some college,standard,completed,85,75,68,143,78.3984375,78.3984375,78.3984375
male,group D,associate's degree,free/reduced,none,77,78,73,151,76.078125,76.078125,76.078125
male,group A,high school,free/reduced,none,53,58,44,102,51.703125,51.703125,51.703125
male,group E,some college,free/reduced,none,93,90,83,173,92.6015625,92.6015625,92.6015625
female,group C,associate's degree,standard,none,49,53,53,106,46.234375,46.234375,46.234375
female,group E,associate's degree,free/reduced,none,73,76,78,154,71.796875,71.796875,71.796875
female,group C,bachelor's degree,free/reduced,completed,66,74,81,155,63.9453125,63.9453125,63.9453125
female,group D,associate's degree,standard,none,77,77,73,150,66.4921875,66.4921875,66.4921875
female,group C,some high school,standard,none,49,63,56,119,51.53125,51.53125,51.53125
female,group D,some college,free/reduced,none,79,89,86,175,76.234375,76.234375,76.234375
female,group C,associate's degree,standard,completed,75,82,90,172,76.6015625,76.6015625,76.6015625
female,group A,bachelor's degree,standard,none,59,72,70,142,62.8671875,62.8671875,62.8671875
female,group D,associate's degree,standard,completed,57,78,79,157,67.7734375,67.7734375,67.7734375
male,group C,high school,free/reduced,none,66,66,59,125,63.9375,63.9375,63.9375
female,group E,bachelor's degree,standard,completed,79,81,82,163,75.375,75.375,75.375
female,group B,some high school,standard,none,57,67,72,139,65.0234375,65.0234375,65.0234375
male,group A,bachelor's degree,standard,completed,87,84,87,171,87.578125,87.578125,87.578125
female,group D,some college,standard,none,63,64,67,131,60.0625,60.0625,60.0625
female,group B,some high school,free/reduced,completed,59,63,64,127,51.46875,51.46875,51.46875
male,group A,bachelor's degree,free/reduced,none,62,72,65,137,68.5859375,68.5859375,68.5859375
male,group D,high school,standard,none,46,34,36,70,43.296875,43.296875,43.296875
male,group C,some college,standard,none,66,59,52,111,60.8046875,60.8046875,60.8046875
male,group D,high school,standard,none,89,87,79,166,87.0078125,87.0078125,87.0078125
female,group D,associate's degree,free/reduced,completed,42,61,58,119,45.015625,45.015625,45.015625
male,group C,some college,standard,completed,93,84,90,174,90.953125,90.953125,90.953125
female,group E,some high school,standard,completed,80,85,85,170,79.96875,79.96875,79.96875
female,group D,some college,standard,none,98,100,99,199,91.7734375,91.7734375,91.7734375
male,group D,master's degree,standard,none,81,81,84,165,86.9296875,86.9296875,86.9296875
female,group B,some high school,standard,completed,60,70,74,144,63.8828125,63.8828125,63.8828125
female,group B,associate's degree,free/reduced,completed,76,94,87,181,74.7265625,74.7265625,74.7265625
male,group C,associate's degree,standard,completed,73,78,72,150,75.4921875,75.4921875,75.4921875
female,group C,associate's degree,standard,completed,96,96,99,195,86.4375,86.4375,86.4375
female,group C,high school,standard,none,76,76,74,150,67.828125,67.828125,67.828125
male,group E,associate's degree,free/reduced,completed,91,73,80,153,82.109375,82.109375,82.109375
female,group C,some college,free/reduced,none,62,72,70,142,60.5390625,60.5390625,60.5390625
male,group D,some high school,free/reduced,completed,55,59,59,118,58.8828125,58.8828125,58.8828125
female,group B,some high school,free/reduced,completed,74,90,88,178,75.25,75.25,75.25
male,group C,high school,standard,none,50,48,42,90,50.875,50.875,50.875
male,group B,some college,standard,none,47,43,41,84,50.0078125,50.0078125,50.0078125
male,group E,some college,standard,completed,81,74,71,145,80.3359375,80.3359375,80.3359375
female,group E,associate's degree,standard,completed,65,75,77,152,71.046875,71.046875,71.046875
male,group E,some high school,standard,completed,68,51,57,108,64.4921875,64.4921875,64.4921875
female,group D,high school,free/reduced,none,73,92,84,176,75.421875,75.421875,75.421875
male,group C,some college,standard,none,53,39,37,76,45.203125,45.203125,45.203125
female,group B,associate's degree,free/reduced,completed,68,77,80,157,65.625,65.625,65.625
male,group A,some high school,free/reduced,none,55,46,43,89,47.96875,47.96875,47.96875
female,group C,some college,standard,completed,87,89,94,183,82.15625,82.15625,82.15625
male,group D,some high school,standard,none,55,47,44,91,51.984375,51.984375,51.984375
female,group E,some college,free/reduced,none,53,58,57,115,53.3203125,53.3203125,53.3203125
male,group C,master's degree,standard,none,67,57,59,116,63.0546875,63.0546875,63.0546875
male,group C,associate's degree,standard,none,92,79,84,163,87.7265625,87.7265625,87.7265625
female,group B,some college,free/reduced,completed,53,66,73,139,58.953125,58.953125,58.953125
male,group D,associate's degree,standard,none,81,71,73,144,77.9296875,77.9296875,77.9296875
male,group C,high school,free/reduced,none,61,60,55,115,59.6171875,59.6171875,59.6171875
male,group D,bachelor's degree,standard,none,80,73,72,145,76.9609375,76.9609375,76.9609375
female,group A,associate's degree,free/reduced,none,37,57,56,113,46.3671875,46.3671875,46.3671875
female,group C,high school,standard,none,81,84,82,166,75.5234375,75.5234375,75.5234375
female,group C,associate's degree,standard,completed,59,73,72,145,61.4296875,61.4296875,61.4296875
male,group B,some college,free/reduced,none,55,55,47,102,53.671875,53.671875,53.671875
male,group D,associate's degree,standard,none,72,79,74,153,80.5546875,80.5546875,80.5546875
male,group D,high school,standard,none,69,75,71,146,78.3671875,78.3671875,78.3671875
male,group C,some college,standard,none,69,64,68,132,73.5859375,73.5859375,73.5859375
female,group C,bachelor's degree,free/reduced,none,50,60,59,119,48.0,48.0,48.0
male,group B,some college,standard,completed,87,84,86,170,89.015625,89.015625,89.015625
male,group D,some high school,standard,completed,71,69,68,137,71.2890625,71.2890625,71.2890625
male,group E,some college,standard,none,68,72,65,137,78.8203125,78.8203125,78.8203125
male,group C,master's degree,free/reduced,completed,79,77,75,152,72.5703125,72.5703125,72.5703125
female,group C,some high school,standard,completed,77,90,85,175,75.640625,75.640625,75.640625
male,group C,associate's degree,free/reduced,none,58,55,53,108,56.0625,56.0625,56.0625
female,group E,associate's degree,standard,none,84,95,92,187,89.953125,89.953125,89.953125
male,group D,some college,standard,none,55,58,52,110,60.640625,60.640625,60.640625
male,group E,bachelor's degree,free/reduced,completed,70,68,72,140,74.3984375,74.3984375,74.3984375
female,group D,some college,free/reduced,completed,52,59,65,124,50.609375,50.609375,50.609375
male,group B,some college,standard,completed,69,77,77,154,80.8359375,80.8359375,80.8359375
female,group C,high school,free/reduced,none,53,72,64,136,56.1171875,56.1171875,56.1171875
female,group D,some high school,standard,none,48,58,54,112,48.9609375,48.9609375,48.9609375
male,group D,some high school,standard,completed,78,81,86,167,87.171875,87.171875,87.171875
female,group B,high school,standard,none,62,62,63,125,57.5,57.5,57.5
male,group D,some college,standard,none,60,63,59,122,66.8984375,66.8984375,66.8984375
female,group B,high school,standard,none,74,72,72,144,66.390625,66.390625,66.390625
female,group C,high school,standard,completed,58,75,77,152,66.4609375,66.4609375,66.4609375
male,group B,high school,standard,completed,76,62,60,122,64.8984375,64.8984375,64.8984375
female,group D,some high school,standard,none,68,71,75,146,67.2578125,67.2578125,67.2578125
male,group A,some college,free/reduced,none,58,60,57,117,61.671875,61.671875,61.671875
male,group B,high school,standard,none,52,48,49,97,56.9140625,56.9140625,56.9140625
male,group D,bachelor's degree,standard,none,75,73,74,147,78.40625,78.40625,78.40625
female,group B,some high school,free/reduced,completed,52,67,72,139,58.2109375,58.2109375,58.2109375
female,group C,bachelor's degree,free/reduced,none,62,78,79,157,66.75,66.75,66.75
male,group B,some college,standard,none,66,65,60,125,68.984375,68.984375,68.984375
female,group B,some high school,free/reduced,none,49,58,55,113,47.0625,47.0625,47.0625
female,group B,high school,standard,none,66,72,70,142,64.9453125,64.9453125,64.9453125
female,group C,some college,free/reduced,none,35,44,43,87,34.34375,34.34375,34.34375
female,group A,some college,standard,completed,72,79,82,161,71.6328125,71.6328125,71.6328125
male,group E,associate's degree,standard,completed,94,85,82,167,89.90625,89.90625,89.90625
female,group D,associate's degree,free/reduced,none,46,56,57,113,46.40625,46.40625,46.40625
female,group B,master's degree,standard,none,77,90,84,174,77.0703125,77.0703125,77.0703125
female,group B,high school,free/reduced,completed,76,85,82,167,69.8984375,69.8984375,69.8984375
female,group C,associate's degree,standard,completed,52,59,62,121,50.8671875,50.8671875,50.8671875
male,group C,bachelor's degree,standard,completed,91,81,79,160,80.5390625,80.5390625,80.5390625
female,group B,some high school,standard,completed,32,51,44,95,37.640625,37.640625,37.640625
female,group E,some high school,free/reduced,none,72,79,77,156,72.53125,72.53125,72.53125
female,group B,some college,standard,none,19,38,32,70,29.4375,29.4375,29.4375
male,group C,associate's degree,free/reduced,none,68,65,61,126,64.2265625,64.2265625,64.2265625
female,group C,master's degree,free/reduced,none,52,65,61,126,50.015625,50.015625,50.015625
female,group B,high school,standard,none,48,62,60,122,55.328125,55.328125,55.328125
female,group D,some college,free/reduced,none,60,66,70,136,59.1953125,59.1953125,59.1953125
male,group D,high school,free/reduced,none,66,74,69,143,73.171875,73.171875,73.171875
male,group E,some high school,standard,completed,89,84,77,161,86.796875,86.796875,86.796875
female,group B,high school,standard,none,42,52,51,103,46.4375,46.4375,46.4375
female,group E,associate's degree,free/reduced,completed,57,68,73,141,62.96875,62.96875,62.96875
male,group D,high school,standard,none,70,70,70,140,76.4609375,76.4609375,76.4609375
female,group E,associate's degree,free/reduced,none,70,84,81,165,75.8671875,75.8671875,75.8671875
male,group E,some college,standard,none,69,60,54,114,68.0078125,68.0078125,68.0078125
female,group C,associate's degree,standard,none,52,55,57,112,49.609375,49.609375,49.609375
male,group C,some high school,standard,completed,67,73,68,141,72.1484375,72.1484375,72.1484375
male,group C,some high school,standard,completed,76,80,73,153,77.4296875,77.4296875,77.4296875
female,group E,associate's degree,standard,none,87,94,95,189,91.890625,91.890625,91.890625
female,group B,some college,standard,none,82,85,87,172,80.4140625,80.4140625,80.4140625
female,group C,some college,standard,none,73,76,78,154,70.796875,70.796875,70.796875
male,group A,some college,free/reduced,none,75,81,74,155,78.9609375,78.9609375,78.9609375
female,group D,some college,free/reduced,none,64,74,75,149,64.7109375,64.7109375,64.7109375
female,group E,high school,free/reduced,none,41,45,40,85,37.8515625,37.8515625,37.8515625
male,group C,high school,standard,none,90,75,69,144,76.8359375,76.8359375,76.8359375
male,group B,bachelor's degree,standard,none,59,54,51,105,58.125,58.125,58.125
male,group A,some high school,standard,none,51,31,36,67,42.859375,42.859375,42.859375
male,group A,high school,free/reduced,none,45,47,49,96,52.71875,52.71875,52.71875
female,group C,master's degree,standard,completed,54,64,67,131,54.34375,54.34375,54.34375
male,group E,some high school,standard,completed,87,84,76,160,86.0703125,86.0703125,86.0703125
female,group C,high school,standard,none,72,80,83,163,75.296875,75.296875,75.296875
male,group B,some high school,standard,completed,94,86,87,173,89.9609375,89.9609375,89.9609375
female,group A,bachelor's degree,standard,none,45,59,64,123,55.4375,55.4375,55.4375
male,group D,bachelor's degree,free/reduced,completed,61,70,76,146,72.3203125,72.3203125,72.3203125
female,group B,high school,free/reduced,none,60,72,68,140,59.9765625,59.9765625,59.9765625
female,group C,some high school,standard,none,77,91,88,179,81.3515625,81.3515625,81.3515625
female,group A,some high school,standard,completed,85,90,92,182,81.234375,81.234375,81.234375
female,group D,bachelor's degree,free/reduced,none,78,90,93,183,79.8203125,79.8203125,79.8203125
male,group E,some college,free/reduced,completed,49,52,51,103,57.125,57.125,57.125
female,group B,high school,free/reduced,none,71,87,82,169,73.6796875,73.6796875,73.6796875
female,group C,some high school,free/reduced,none,48,58,52,110,43.9375,43.9375,43.9375
male,group C,high school,standard,none,62,67,58,125,66.96875,66.96875,66.96875
female,group C,associate's degree,free/reduced,completed,56,68,70,138,55.28125,55.28125,55.28125
female,group C,some high school,standard,none,65,69,76,145,67.4453125,67.4453125,67.4453125
female,group D,some high school,free/reduced,completed,69,86,81,167,68.3515625,68.3515625,68.3515625
male,group B,some high school,standard,none,68,54,53,107,61.046875,61.046875,61.046875
female,group A,some college,free/reduced,none,61,60,57,117,48.8046875,48.8046875,48.8046875
female,group C,bachelor's degree,free/reduced,completed,74,86,89,175,72.5859375,72.5859375,72.5859375
male,group A,bachelor's degree,standard,none,64,60,58,118,64.1875,64.1875,64.1875
female,group B,high school,standard,completed,77,82,89,171,77.7890625,77.7890625,77.7890625
male,group B,some college,standard,none,58,50,45,95,54.5625,54.5625,54.5625
female,group C,high school,standard,completed,60,64,74,138,61.6875,61.6875,61.6875
male,group E,high school,standard,none,73,64,57,121,71.0546875,71.0546875,71.0546875
female,group A,high school,standard,completed,75,82,79,161,70.1015625,70.1015625,70.1015625
male,group B,associate's degree,free/reduced,completed,58,57,53,110,54.1953125,54.1953125,54.1953125
female,group C,associate's degree,standard,none,66,77,73,150,66.4140625,66.4140625,66.4140625
female,group D,high school,free/reduced,none,39,52,46,98,38.4140625,38.4140625,38.4140625
male,group C,some high school,standard,none,64,58,51,109,59.5859375,59.5859375,59.5859375
female,group B,high school,free/reduced,completed,23,44,36,80,26.859375,26.859375,26.859375
male,group B,some college,free/reduced,completed,74,77,76,153,76.59375,76.59375,76.59375
female,group D,some high school,free/reduced,completed,40,65,64,129,51.0625,51.0625,51.0625
male,group E,master's degree,standard,none,90,85,84,169,93.3125,93.3125,93.3125
male,group C,master's degree,standard,completed,91,85,85,170,85.21875,85.21875,85.21875
male,group D,high school,standard,none,64,54,50,104,58.1796875,58.1796875,58.1796875
female,group C,high school,standard,none,59,72,68,140,62.53125,62.53125,62.53125
male,group D,associate's degree,standard,none,80,75,69,144,75.984375,75.984375,75.984375
male,group C,master's degree,standard,none,71,67,67,134,71.21875,71.21875,71.21875
female,group A,high school,standard,none,61,68,63,131,58.5,58.5,58.5
female,group E,some college,standard,none,87,85,93,178,89.3125,89.3125,89.3125
male,group E,some high school,standard,none,82,67,61,128,74.4921875,74.4921875,74.4921875
male,group C,some high school,standard,none,62,64,55,119,63.90625,63.90625,63.90625
female,group B,bachelor's degree,standard,none,97,97,96,193,88.046875,88.046875,88.046875
male,group B,some college,free/reduced,none,75,68,65,133,69.796875,69.796875,69.796875
female,group C,bachelor's degree,standard,none,65,79,81,160,71.953125,71.953125,71.953125
male,group B,high school,standard,completed,52,49,46,95,51.671875,51.671875,51.671875
male,group C,associate's degree,free/reduced,none,87,73,72,145,74.0859375,74.0859375,74.0859375
female,group C,associate's degree,standard,none,53,62,53,115,48.3671875,48.3671875,48.3671875
female,group E,master's degree,free/reduced,none,81,86,87,173,79.3515625,79.3515625,79.3515625
male,group D,bachelor's degree,free/reduced,completed,39,42,38,80,38.15625,38.15625,38.15625
female,group C,some college,standard,completed,71,71,80,151,67.75,67.75,67.75
male,group C,associate's degree,standard,none,97,93,91,184,96.1171875,96.1171875,96.1171875
male,group D,some college,standard,completed,82,82,88,170,89.109375,89.109375,89.109375
male,group C,high school,free/reduced,none,59,53,52,105,55.78125,55.78125,55.78125
male,group B,associate's degree,standard,none,61,42,41,83,48.7734375,48.7734375,48.7734375
male,group E,associate's degree,free/reduced,completed,78,74,72,146,76.546875,76.546875,76.546875
male,group C,associate's degree,free/reduced,none,49,51,51,102,53.6640625,53.6640625,53.6640625
male,group B,high school,standard,none,59,58,47,105,57.828125,57.828125,57.828125
female,group C,some college,standard,completed,70,72,76,148,65.09375,65.09375,65.09375
male,group B,associate's degree,standard,completed,82,84,78,162,82.21875,82.21875,82.21875
male,group E,associate's degree,free/reduced,none,90,90,82,172,90.875,90.875,90.875
female,group C,bachelor's degree,free/reduced,none,43,62,61,123,49.921875,49.921875,49.921875
male,group C,some college,free/reduced,none,80,64,66,130,68.609375,68.609375,68.609375
male,group D,some college,standard,none,81,82,84,166,89.5078125,89.5078125,89.5078125
male,group C,some high school,standard,none,57,61,54,115,62.46875,62.46875,62.46875
female,group D,some high school,standard,none,59,72,80,152,71.1171875,71.1171875,71.1171875
female,group D,associate's degree,standard,none,64,76,74,150,66.9765625,66.9765625,66.9765625
male,group C,bachelor's degree,standard,completed,63,64,66,130,67.09375,67.09375,67.09375
female,group E,bachelor's degree,standard,completed,71,70,70,140,64.078125,64.078125,64.078125
female,group B,high school,free/reduced,none,64,73,71,144,62.390625,62.390625,62.390625
male,group D,bachelor's degree,free/reduced,none,55,46,44,90,46.7578125,46.7578125,46.7578125
female,group E,associate's degree,standard,none,51,51,54,105,52.0,52.0,52.0
female,group C,associate's degree,standard,completed,62,76,80,156,67.9375,67.9375,67.9375
female,group E,associate's degree,standard,completed,93,100,95,195,90.015625,90.015625,90.015625
male,group C,high school,free/reduced,none,54,72,59,131,65.359375,65.359375,65.359375
female,group D,some college,free/reduced,none,69,65,74,139,61.8515625,61.8515625,61.8515625
male,group D,high school,free/reduced,none,44,51,48,99,52.5078125,52.5078125,52.5078125
female,group E,some college,standard,completed,86,85,91,176,84.5625,84.5625,84.5625
female,group E,associate's degree,standard,none,85,92,85,177,84.171875,84.171875,84.171875
female,group A,master's degree,free/reduced,none,50,67,73,140,59.71875,59.71875,59.71875
male,group D,some high school,standard,completed,88,74,75,149,77.546875,77.546875,77.546875
female,group E,associate's degree,standard,none,59,62,69,131,65.4765625,65.4765625,65.4765625
female,group E,some high school,free/reduced,none,32,34,38,72,33.6171875,33.6171875,33.6171875
male,group B,high school,free/reduced,none,36,29,27,56,32.9453125,32.9453125,32.9453125
female,group B,some high school,free/reduced,completed,63,78,79,157,65.890625,65.890625,65.890625
male,group D,associate's degree,standard,completed,67,54,63,117,63.359375,63.359375,63.359375
female,group D,some high school,standard,completed,65,78,82,160,70.6875,70.6875,70.6875
male,group D,master's degree,standard,none,85,84,89,173,91.265625,91.265625,91.265625
female,group C,master's degree,standard,none,73,78,74,152,66.0234375,66.0234375,66.0234375
female,group A,high school,free/reduced,completed,34,48,41,89,31.0,31.0,31.0
female,group D,bachelor's degree,free/reduced,completed,93,100,100,200,83.9609375,83.9609375,83.9609375
female,group D,some high school,free/reduced,none,67,84,84,168,73.3515625,73.3515625,73.3515625
male,group D,some college,standard,none,88,77,77,154,83.2578125,83.2578125,83.2578125
male,group B,high school,standard,none,57,48,51,99,58.359375,58.359375,58.359375
female,group D,some college,standard,completed,79,84,91,175,78.890625,78.890625,78.890625
female,group C,bachelor's degree,free/reduced,none,67,75,72,147,60.96875,60.96875,60.96875
male,group E,bachelor's degree,standard,completed,70,64,70,134,75.5078125,75.5078125,75.5078125
male,group D,bachelor's degree,free/reduced,none,50,42,48,90,48.7109375,48.7109375,48.7109375
female,group A,some college,standard,none,69,84,82,166,76.1171875,76.1171875,76.1171875
female,group C,bachelor's degree,standard,completed,52,61,66,127,53.5234375,53.5234375,53.5234375
female,group C,bachelor's degree,free/reduced,completed,47,62,66,128,50.234375,50.234375,50.234375
female,group B,associate's degree,free/reduced,none,46,61,55,116,47.0234375,47.0234375,47.0234375
female,group E,some college,standard,none,68,70,66,136,66.1953125,66.1953125,66.1953125
male,group E,bachelor's degree,standard,completed,100,100,100,200,105.765625,105.765625,105.765625
female,group C,high school,standard,none,44,61,52,113,48.3359375,48.3359375,48.3359375
female,group C,associate's degree,standard,completed,57,77,80,157,68.171875,68.171875,68.171875
male,group B,some college,standard,completed,91,96,91,187,95.484375,95.484375,95.484375
male,group D,high school,free/reduced,none,69,70,67,137,70.7734375,70.7734375,70.7734375
female,group C,high school,free/reduced,none,35,53,46,99,38.578125,38.578125,38.578125
male,group D,high school,standard,none,72,66,66,132,72.6171875,72.6171875,72.6171875
female,group B,associate's degree,free/reduced,none,54,65,65,130,55.21875,55.21875,55.21875
male,group D,high school,free/reduced,none,74,70,69,139,72.21875,72.21875,72.21875
male,group E,some high school,standard,completed,74,64,60,124,69.7421875,69.7421875,69.7421875
male,group E,associate's degree,free/reduced,none,64,56,52,108,61.0859375,61.0859375,61.0859375
female,group D,high school,free/reduced,completed,65,61,71,132,55.359375,55.359375,55.359375
male,group E,associate's degree,free/reduced,completed,46,43,44,87,48.921875,48.921875,48.921875
female,group C,some high school,free/reduced,none,48,56,51,107,42.7421875,42.7421875,42.7421875
male,group C,some college,free/reduced,completed,67,74,70,144,70.5859375,70.5859375,70.5859375
male,group D,some college,free/reduced,none,62,57,62,119,64.1328125,64.1328125,64.1328125
male,group D,associate's degree,free/reduced,completed,61,71,73,144,71.1171875,71.1171875,71.1171875
male,group C,bachelor's degree,free/reduced,completed,70,75,74,149,71.9921875,71.9921875,71.9921875
male,group C,associate's degree,standard,completed,98,87,90,177,90.6640625,90.6640625,90.6640625
male,group D,some college,free/reduced,none,70,63,58,121,62.65625,62.65625,62.65625
male,group A,associate's degree,standard,none,67,57,53,110,60.5859375,60.5859375,60.5859375
female,group E,high school,free/reduced,none,57,58,57,115,53.25,53.25,53.25
male,group D,some college,standard,completed,85,81,85,166,86.6953125,86.6953125,86.6953125
male,group D,some high school,standard,completed,77,68,69,137,71.7734375,71.7734375,71.7734375
male,group C,master's degree,free/reduced,completed,72,66,72,138,67.7890625,67.7890625,67.7890625
female,group D,master's degree,standard,none,78,91,96,187,85.1171875,85.1171875,85.1171875
male,group C,high school,standard,none,81,66,64,130,71.078125,71.078125,71.078125
male,group A,some high school,free/reduced,completed,61,62,61,123,61.4921875,61.4921875,61.4921875
female,group B,high school,standard,none,58,68,61,129,57.4765625,57.4765625,57.4765625
female,group C,associate's degree,standard,none,54,61,58,119,51.75,51.75,51.75
male,group B,high school,standard,none,82,82,80,162,87.421875,87.421875,87.421875
female,group D,some college,free/reduced,none,49,58,60,118,50.0546875,50.0546875,50.0546875
male,group B,some high school,free/reduced,completed,49,50,52,102,52.5703125,52.5703125,52.5703125
female,group E,high school,free/reduced,completed,57,75,73,148,65.5625,65.5625,65.5625
male,group E,high school,standard,none,94,73,71,144,83.328125,83.328125,83.328125
female,group D,some college,standard,completed,75,77,83,160,71.4375,71.4375,71.4375
female,group E,some high school,free/reduced,none,74,74,72,146,67.7265625,67.7265625,67.7265625
male,group C,high school,standard,completed,58,52,54,106,57.2109375,57.2109375,57.2109375
female,group C,some college,standard,none,62,69,69,138,62.6171875,62.6171875,62.6171875
male,group E,associate's degree,standard,none,72,57,62,119,72.09375,72.09375,72.09375
male,group C,some college,standard,none,84,87,81,168,88.453125,88.453125,88.453125
female,group D,master's degree,standard,none,92,100,100,200,90.1484375,90.1484375,90.1484375
female,group D,high school,standard,none,45,63,59,122,53.96875,53.96875,53.96875
male,group C,high school,standard,none,75,81,71,152,79.703125,79.703125,79.703125
female,group A,some college,standard,none,56,58,64,122,56.921875,56.921875,56.921875
female,group D,some high school,free/reduced,none,48,54,53,107,43.78125,43.78125,43.78125
female,group E,associate's degree,standard,none,100,100,100,200,96.9375,96.9375,96.9375
female,group C,some high school,free/reduced,completed,65,76,75,151,61.5546875,61.5546875,61.5546875
male,group D,some college,standard,none,72,57,58,115,64.75,64.75,64.75
female,group D,some college,standard,none,62,70,72,142,65.109375,65.109375,65.109375
male,group A,some high school,standard,completed,66,68,64,132,68.609375,68.609375,68.609375
male,group C,some college,standard,none,63,63,60,123,67.546875,67.546875,67.546875
female,group E,associate's degree,standard,none,68,76,67,143,67.34375,67.34375,67.34375
female,group B,bachelor's degree,standard,none,75,84,80,164,73.375,73.375,73.375
female,group D,bachelor's degree,standard,none,89,100,100,200,90.7734375,90.7734375,90.7734375
male,group C,some high school,standard,completed,78,72,69,141,72.640625,72.640625,72.640625
female,group A,high school,free/reduced,completed,53,50,60,110,45.2421875,45.2421875,45.2421875
female,group D,some college,free/reduced,none,49,65,61,126,52.4375,52.4375,52.4375
female,group A,some college,standard,none,54,63,67,130,60.2734375,60.2734375,60.2734375
female,group C,some college,standard,completed,64,82,77,159,68.1875,68.1875,68.1875
male,group B,some college,free/reduced,completed,60,62,60,122,61.453125,61.453125,61.453125
male,group C,associate's degree,standard,none,62,65,58,123,65.578125,65.578125,65.578125
male,group D,high school,standard,completed,55,41,48,89,50.3515625,50.3515625,50.3515625
female,group C,associate's degree,standard,none,91,95,94,189,85.890625,85.890625,85.890625
female,group B,high school,free/reduced,none,8,24,23,47,16.0078125,16.0078125,16.0078125
male,group D,some high school,standard,none,81,78,78,156,83.9609375,83.9609375,83.9609375
male,group B,some high school,standard,completed,79,85,86,171,89.0,89.0,89.0
female,group A,some college,standard,completed,78,87,91,178,80.0546875,80.0546875,80.0546875
female,group C,some high school,standard,none,74,75,82,157,73.21875,73.21875,73.21875
male,group A,high school,standard,none,57,51,54,105,60.8125,60.8125,60.8125
female,group C,associate's degree,standard,none,40,59,51,110,46.2109375,46.2109375,46.2109375
male,group E,some high school,standard,completed,81,75,76,151,83.9453125,83.9453125,83.9453125
female,group A,some high school,free/reduced,none,44,45,45,90,36.3046875,36.3046875,36.3046875
female,group D,some college,free/reduced,completed,67,86,83,169,70.046875,70.046875,70.046875
male,group E,high school,free/reduced,completed,86,81,75,156,81.2890625,81.2890625,81.2890625
female,group B,some high school,standard,completed,65,82,78,160,69.6171875,69.6171875,69.6171875
female,group D,associate's degree,free/reduced,none,55,76,76,152,64.90625,64.90625,64.90625
female,group D,bachelor's degree,free/reduced,none,62,72,74,146,61.796875,61.796875,61.796875
male,group A,high school,standard,none,63,63,62,125,69.453125,69.453125,69.453125
female,group E,master's degree,standard,completed,88,99,95,194,88.4296875,88.4296875,88.4296875
male,group C,high school,free/reduced,none,62,55,55,110,58.4296875,58.4296875,58.4296875
female,group C,high school,free/reduced,completed,59,71,65,136,53.3046875,53.3046875,53.3046875
female,group D,some college,standard,completed,68,78,77,155,67.3203125,67.3203125,67.3203125
female,group D,some college,free/reduced,none,77,86,86,172,75.5234375,75.5234375,75.5234375
